INSERT INTO public.comuna (nombre) VALUES
    ('Calama'),
    ('Antofagasta'),
    ('Copiapo'),
    ('La Serena'),
    ('Santiago'),
    ('Viña del Mar'),
    ('Rancagua'),
    ('Curicó'),
    ('Puerto Montt');


INSERT INTO public.tienda (nombre, fk_id_comuna) VALUES
    ('pc Factory Calama (Mall Plaza)', 1),
    ('pc Factory Antofagasta', 2),
    ('pc Factory Copiapo', 3),
    ('pc Factory La Serena', 4),
    ('pc Factory Mall Costanera Center', 5),
    ('pc Factory Viña del Mar', 6),
    ('pc Factory Rancagua', 7),
    ('pc Factory Curicó', 8),
    ('pc Factory Puerto Montt', 9);


INSERT INTO public.empleado (pk_rut, telefono, nombre, fk_id_comuna) VALUES 
(19772950, '963548743', 'Joaquín Torres', 1),
(19300275, '929977227', 'María Fernández', 1),
(15788966, '943221674', 'Luis Pérez', 1),
(20418032, '912345678', 'Ana Martínez', 2),
(22577894, '966789012', 'Pedro García', 2),
(21445765, '927384651', 'Laura Rodríguez', 2),
(19885567, '945678912', 'Diego López', 3),
(22346891, '931234567', 'Sofía Gómez', 3),
(19562347, '922345678', 'Daniel Sánchez', 3),
(21087543, '933456789', 'Elena Castro', 4),
(23654432, '911223344', 'Pablo Ruiz', 4),
(20347891, '977654321', 'Marta Jiménez', 4),
(21985432, '966655544', 'Carlos Herrera', 5),
(22897654, '944332211', 'Isabel Díaz', 5),
(19123567, '966666666', 'Juan González', 5),
(20786543, '955443322', 'Lucía Vargas', 6),
(18234567, '977889900', 'Andrea Navarro', 6),
(21345678, '988776655', 'Roberto Cruz', 6),
(23898765, '977660011', 'Carmen Morales', 7),
(20123456, '955566677', 'Alejandro Pérez', 7),
(19567890, '933344455', 'Paula Torres', 7),
(21678901, '988887766', 'Mario López', 8),
(23547890, '955111222', 'Silvia García', 8),
(20987654, '922112233', 'Victoria Martínez', 8),
(22456789, '933223344', 'Javier Ruiz', 9),
(19876543, '977777888', 'Natalia Castro', 9),
(22233445, '966889900', 'Fernando Herrera', 9),
(20456789, '955667788', 'Sara Díaz', 9),
(21789012, '977889900', 'Gabriel Sánchez', 1);


INSERT INTO public.tienda_empleado (cargo, fecha_inicio, fecha_fin, fk_rut_empleado, fk_id_tienda) VALUES
-- Empleados de la tienda en Calama
('director', '2023-01-01', NULL, 19772950, 1),
('gerente', '2023-01-01', NULL, 19300275, 1),
('vendedor', '2023-01-01', NULL, 15788966, 1),

-- Empleados de la tienda en Antofagasta
('director', '2022-12-01', '2023-06-30', 20418032, 2),
('gerente', '2023-01-01', NULL, 22577894, 2),
('vendedor', '2023-01-01', NULL, 21445765, 2),

-- Empleados de la tienda en Copiapó
('director', '2022-11-01', NULL, 19885567, 3),
('gerente', '2023-01-01', NULL, 22346891, 3),
('vendedor', '2023-01-01', NULL, 19562347, 3),

-- Empleados de la tienda en La Serena
('director', '2023-01-01', NULL, 21087543, 4),
('gerente', '2023-01-01', NULL, 23654432, 4),
('vendedor', '2023-01-01', NULL, 20347891, 4),

-- Empleados de la tienda en Santiago (Costanera Center)
('director', '2023-01-01', NULL, 21985432, 5),
('gerente', '2023-01-01', NULL, 22897654, 5),
('vendedor', '2023-01-01', NULL, 19123567, 5),

-- Empleados de la tienda en Viña del Mar
('director', '2023-01-01', NULL, 20786543, 6),
('gerente', '2023-01-01', NULL, 18234567, 6),
('vendedor', '2023-01-01', NULL, 21345678, 6),

-- Empleados de la tienda en Rancagua
('director', '2023-01-01', NULL, 23898765, 7),
('gerente', '2023-01-01', NULL, 20123456, 7),
('vendedor', '2023-01-01', NULL, 19567890, 7),

-- Empleados de la tienda en Curicó
('director', '2023-01-01', NULL, 21678901, 8),
('gerente', '2023-01-01', NULL, 23547890, 8),
('vendedor', '2023-01-01', NULL, 20987654, 8),

-- Empleados de la tienda en Puerto Montt
('director', '2023-01-01', NULL, 22456789, 9),
('gerente', '2023-01-01', NULL, 19876543, 9),
('vendedor', '2023-01-01', NULL, 22233445, 9),
-- Cambios y fin de roles
('vendedor', '2024-01-01', '2024-03-31', 22233445, 9),
('gerente', '2024-04-01', NULL, 22233445, 9);



INSERT INTO public.sueldo (sueldo, fecha, fk_id_empleado) VALUES 
(2095480.75, '2024-01-15', 19772950),
(1503764.50, '2024-02-08', 19300275),
(1185943.25, '2024-03-22', 15788966),
(2490704.25, '2024-02-29', 20418032),
(2701399.50, '2024-04-12', 22577894),
(1075348.00, '2024-01-03', 21445765),
(1774257.25, '2024-01-20', 19885567),
(2957859.00, '2024-02-17', 22346891),
(1382416.50, '2024-01-10', 19562347),
(2038542.75, '2024-03-04', 21087543),
(2640732.50, '2024-02-01', 23654432),
(2864422.75, '2024-04-01', 20347891),
(1467839.25, '2024-01-06', 21985432),
(2113274.75, '2024-03-12', 22897654),
(2828973.75, '2024-04-25', 19123567),
(2305101.25, '2024-01-31', 20786543),
(1338755.00, '2024-01-18', 18234567),
(1564935.00, '2024-03-08', 21345678),
(1218342.75, '2024-01-25', 23898765),
(2854167.00, '2024-03-15', 20123456),
(1182579.50, '2024-04-10', 19567890),
(1602245.50, '2024-03-19', 21678901),
(2370805.50, '2024-01-07', 23547890),
(2208964.50, '2024-02-13', 20987654),
(2953090.25, '2024-02-22', 22456789),
(1794826.50, '2024-02-05', 19876543),
(1547183.75, '2024-04-06', 22233445),
(2439352.25, '2024-01-28', 20456789),
(1368904.75, '2024-04-03', 21789012),
(2042985.00, '2024-04-23', 19772950),
(2378293.75, '2024-03-11', 19300275),
(1914380.75, '2024-04-20', 15788966),
(1235905.25, '2024-01-09', 20418032),
(2014658.50, '2024-02-14', 22577894),
(2254432.25, '2024-03-02', 21445765),
(1315967.50, '2024-04-07', 19885567),
(2673647.25, '2024-02-25', 22346891),
(2053209.75, '2024-03-06', 19562347),
(1849721.50, '2024-01-14', 21087543),
(2138765.75, '2024-04-16', 23654432),
(2769053.25, '2024-01-23', 20347891),
(1198723.50, '2024-03-13', 21985432),
(1434285.75, '2024-01-17', 22897654),
(2867113.50, '2024-04-09', 19123567),
(2098175.75, '2024-03-05', 20786543),
(1562948.50, '2024-01-30', 18234567),
(2295467.25, '2024-02-27', 21345678),
(2774869.50, '2024-04-15', 23898765),
(1750301.50, '2024-03-03', 20123456),
(1381458.75, '2024-02-10', 19567890),
(2876553.75, '2024-04-29', 21678901),
(2034882.00, '2024-02-12', 23547890),
(1249109.25, '2024-01-21', 20987654),
(1493205.25, '2024-03-26', 22456789),
(2755409.00, '2024-04-28', 19876543),
(2014558.00, '2024-02-20', 22233445),
(1694875.75, '2024-04-04', 20456789),
(1327483.75, '2024-01-13', 21789012),
(2153204.25, '2024-04-14', 19772950),
(1913920.75, '2024-03-21', 19300275),
(2254749.50, '2024-01-24', 15788966),
(2637395.25, '2024-02-26', 20418032),
(2797638.50, '2024-04-05', 22577894),
(1148527.75, '2024-03-20', 21445765),
(1916710.25, '2024-04-08', 19885567),
(2528103.50, '2024-02-23', 22346891),
(1713035.50, '2024-01-11', 19562347),
(2982487.75, '2024-03-28', 21087543),
(2456629.00, '2024-02-18', 23654432),
(2267847.50, '2024-01-27', 20347891),
(1340728.50, '2024-04-02', 21985432),
(1921659.00, '2024-02-19', 22897654),
(2969784.25, '2024-01-04', 19123567),
(2073475.25, '2024-03-29', 20786543),
(1508564.25, '2024-04-24', 18234567),
(2293764.00, '2024-02-09', 21345678),
(2874823.75, '2024-01-16', 23898765),
(1684091.25, '2024-03-10', 20123456),
(1234567.75, '2024-04-11', 19567890),
(2665678.25, '2024-01-22', 21678901),
(2094385.75, '2024-02-24', 23547890),
(1890257.50, '2024-03-30', 20987654),
(2951043.25, '2024-01-05', 22456789),
(1743049.00, '2024-02-28', 19876543),
(1558029.00, '2024-03-31', 22233445),
(1374295.50, '2024-04-18', 20456789),
(2183275.25, '2024-01-19', 21789012);


INSERT INTO public.vendedor (fk_rut_empleado) VALUES 
(19772950),
(20418032),
(19885567),
(21087543),
(21985432),
(20786543),
(23898765),
(22346891),
(20456789),
(20987654);


INSERT INTO public.producto (precio, nombre) VALUES 
(250000, 'Teléfono móvil'),
(780000, 'Laptop'),
(450000, 'Tablet'),
(150000, 'Auriculares inalámbricos'),
(320000, 'Smartwatch'),
(290000, 'Cámara digital'),
(980000, 'TV LED 55"'),
(850000, 'Consola de videojuegos'),
(210000, 'Altavoz inteligente'),
(620000, 'Monitor de computadora'),
(430000, 'Reproductor de Blu-ray'),
(380000, 'Impresora multifunción'),
(780000, 'Drone'),
(560000, 'Robot aspirador'),
(920000, 'Sistema de sonido envolvente'),
(390000, 'Barra de sonido'),
(110000, 'Cámara de seguridad'),
(720000, 'Proyector de cine en casa'),
(590000, 'Router inalámbrico'),
(680000, 'Disco duro externo'),
(360000, 'Teclado mecánico para juegos'),
(440000, 'Mouse inalámbrico'),
(120000, 'Funda para laptop'),
(150000, 'Funda para teléfono móvil'),
(550000, 'Lentes de realidad virtual'),
(890000, 'Sistema de iluminación inteligente'),
(310000, 'Batería externa'),
(180000, 'Cargador inalámbrico'),
(760000, 'Impresora 3D'),
(820000, 'Cámara de acción'),
(470000, 'Sistema de vigilancia para el hogar'),
(670000, 'Altavoz portátil resistente al agua'),
(290000, 'Auriculares con cancelación de ruido'),
(330000, 'Smart TV box'),
(570000, 'Dispositivo de seguimiento de actividad'),
(490000, 'Lámpara inteligente'),
(690000, 'Plataforma de juegos de realidad aumentada'),
(430000, 'Micrófono de estudio'),
(820000, 'Monitor de actividad física'),
(360000, 'Receptor de audio Bluetooth'),
(630000, 'Controlador de juego inalámbrico'),
(280000, 'Estación de carga USB'),
(510000, 'Sistema de alarma para el hogar'),
(340000, 'Router de malla WiFi'),
(240000, 'Estabilizador de cámara'),
(480000, 'Auriculares deportivos inalámbricos'),
(660000, 'Adaptador de corriente universal');


INSERT INTO public.venta (fecha, fk_id_vendedor, fk_id_producto) VALUES 
('2024-01-15', 1, 1),
('2024-02-08', 2, 2),
('2024-03-22', 3, 3),
('2024-02-29', 4, 4),
('2024-04-12', 5, 5),
('2024-01-03', 6, 6),
('2024-01-20', 7, 7),
('2024-02-17', 8, 8),
('2024-01-10', 9, 9),
('2024-03-04', 10, 10),
('2024-02-01', 1, 11),
('2024-04-01', 2, 12),
('2024-01-06', 3, 13),
('2024-03-12', 4, 14),
('2024-04-25', 5, 15),
('2024-01-31', 6, 16),
('2024-01-18', 7, 17),
('2024-03-08', 8, 18),
('2024-01-25', 9, 19),
('2024-02-14', 10, 20),
('2024-03-15', 1, 21),
('2024-04-10', 2, 22),
('2024-03-19', 3, 23),
('2024-01-07', 4, 24),
('2024-02-13', 5, 25),
('2024-03-28', 6, 26),
('2024-02-22', 7, 27),
('2024-01-16', 8, 28),
('2024-03-11', 9, 29),
('2024-04-20', 10, 30),
('2024-01-09', 1, 31),
('2024-02-18', 2, 32),
('2024-03-02', 3, 33),
('2024-04-07', 4, 34),
('2024-01-14', 5, 35),
('2024-04-16', 6, 36),
('2024-01-23', 7, 37),
('2024-04-09', 8, 38),
('2024-03-05', 9, 39),
('2024-01-30', 10, 40),
('2024-02-25', 1, 41),
('2024-04-23', 2, 42),
('2024-02-12', 3, 43),
('2024-01-28', 4, 44),
('2024-04-03', 5, 45),
('2024-03-13', 6, 46),
('2024-01-17', 7, 47),
('2024-04-29', 8, 48),
('2024-02-20', 9, 49),
('2024-03-26', 10, 50),
('2024-04-04', 1, 1),
('2024-01-13', 2, 2),
('2024-04-14', 3, 3),
('2024-03-21', 4, 4),
('2024-01-24', 5, 5),
('2024-02-26', 6, 6),
('2024-04-05', 7, 7),
('2024-03-20', 8, 8),
('2024-04-08', 9, 9),
('2024-01-05', 10, 10),
('2024-02-28', 1, 11),
('2024-03-22', 2, 12),
('2024-04-11', 3, 13),
('2024-01-22', 4, 14),
('2024-04-18', 5, 15),
('2024-02-09', 6, 16),
('2024-01-16', 7, 17),
('2024-02-24', 8, 18),
('2024-03-30', 9, 19),
('2024-01-19', 10, 20),
('2024-02-27', 1, 21),
('2024-03-10', 2, 22),
('2024-04-02', 3, 23),
('2024-01-21', 4, 24),
('2024-04-28', 5, 25),
('2024-02-19', 6, 26),
('2024-03-09', 7, 27),
('2024-04-06', 8, 28),
('2024-01-08', 9, 29),
('2024-03-18', 10, 30),
('2024-01-25', 7, 7),
('2024-02-10', 8, 8),
('2024-01-11', 9, 9),
('2024-04-04', 10, 10),
('2024-01-01', 1, 11),
('2024-02-01', 2, 12),
('2024-03-06', 3, 13),
('2024-04-12', 4, 14),
('2024-03-25', 5, 15),
('2024-02-21', 6, 16),
('2024-01-18', 7, 17),
('2024-05-08', 8, 18),
('2024-02-25', 9, 19),
('2024-01-14', 10, 20),
('2024-04-15', 1, 21),
('2024-01-10', 2, 12),
('2024-03-19', 3, 13),
('2024-01-07', 4, 14),
('2024-02-13', 5, 15),
('2024-01-06', 3, 13);


INSERT INTO public.producto_venta (cantidad, fk_id_venta, fk_id_producto) VALUES 
(2, 1, 1),
(1, 2, 2),
(3, 3, 3),
(1, 4, 4),
(4, 5, 5),
(2, 6, 6),
(1, 7, 7),
(3, 8, 8),
(1, 9, 9),
(4, 10, 10),
(2, 11, 11),
(1, 12, 12),
(3, 13, 13),
(1, 14, 14),
(4, 15, 15),
(2, 16, 16),
(1, 17, 17),
(3, 18, 18),
(1, 19, 19),
(4, 20, 20),
(2, 21, 21),
(1, 22, 22),
(3, 23, 23),
(1, 24, 24),
(4, 25, 25),
(2, 26, 26),
(1, 27, 27),
(3, 28, 28),
(1, 29, 29),
(4, 30, 30),
(2, 31, 1),
(1, 32, 2),
(3, 33, 3),
(1, 34, 4),
(4, 35, 5),
(2, 36, 6),
(1, 37, 7),
(3, 38, 8),
(1, 39, 9),
(4, 40, 10),
(2, 41, 11),
(1, 42, 12),
(3, 43, 13),
(1, 44, 14),
(4, 45, 15),
(2, 46, 16),
(1, 47, 17),
(3, 48, 18),
(1, 49, 19),
(4, 50, 20),
(2, 51, 21),
(1, 52, 22),
(3, 53, 23),
(1, 54, 24),
(4, 55, 25),
(2, 56, 26),
(1, 57, 27),
(3, 58, 28),
(1, 59, 29),
(4, 60, 30),
(2, 61, 1),
(1, 62, 2),
(3, 63, 3),
(1, 64, 4),
(4, 65, 5),
(2, 66, 6),
(1, 67, 7),
(3, 68, 8),
(1, 69, 9),
(4, 70, 10),
(2, 71, 11),
(1, 72, 12),
(3, 73, 13),
(1, 74, 14),
(4, 75, 15),
(2, 76, 16),
(1, 77, 17),
(3, 78, 18),
(1, 79, 19),
(4, 80, 20),
(2, 81, 21),
(1, 82, 22),
(3, 83, 23),
(1, 84, 24),
(4, 85, 25),
(2, 86, 26),
(1, 87, 27),
(3, 88, 28),
(1, 89, 29),
(4, 90, 30),
(2, 91, 1),
(1, 92, 2),
(3, 93, 3),
(1, 94, 4),
(4, 95, 5),
(2, 96, 6),
(1, 97, 7),
(3, 98, 8),
(1, 99, 9),
(4, 100, 10);


INSERT INTO public.tipo_documento (monto, tipo, fecha, fk_id_venta) VALUES 
(1500000.00, 'boleta', '2024-01-15', 1),
(2500000.00, 'factura', '2024-02-08', 2),
(1800000.00, 'boleta', '2024-03-22', 3),
(2100000.00, 'factura', '2024-02-29', 4),
(3200000.00, 'boleta', '2024-04-12', 5),
(1300000.00, 'factura', '2024-01-03', 6),
(1700000.00, 'boleta', '2024-01-20', 7),
(2900000.00, 'factura', '2024-02-17', 8),
(2000000.00, 'boleta', '2024-01-10', 9),
(2800000.00, 'factura', '2024-03-04', 10),
(1950000.00, 'boleta', '2024-02-01', 11),
(2750000.00, 'factura', '2024-04-01', 12),
(1850000.00, 'boleta', '2024-01-06', 13),
(2300000.00, 'factura', '2024-03-12', 14),
(3100000.00, 'boleta', '2024-04-25', 15),
(1400000.00, 'factura', '2024-01-31', 16),
(2200000.00, 'boleta', '2024-01-18', 17),
(2900000.00, 'factura', '2024-03-08', 18),
(1600000.00, 'boleta', '2024-01-25', 19),
(2600000.00, 'factura', '2024-02-14', 20),
(1750000.00, 'boleta', '2024-03-15', 21),
(2050000.00, 'factura', '2024-04-10', 22),
(1950000.00, 'boleta', '2024-03-19', 23),
(1650000.00, 'factura', '2024-01-07', 24),
(2400000.00, 'boleta', '2024-02-13', 25),
(2200000.00, 'factura', '2024-03-28', 26),
(1850000.00, 'boleta', '2024-02-22', 27),
(3100000.00, 'factura', '2024-01-16', 28),
(1950000.00, 'boleta', '2024-03-11', 29),
(2250000.00, 'factura', '2024-04-20', 30),
(2200000.00, 'boleta', '2024-01-09', 31),
(2900000.00, 'factura', '2024-02-18', 32),
(2000000.00, 'boleta', '2024-03-02', 33),
(2150000.00, 'factura', '2024-04-07', 34),
(3200000.00, 'boleta', '2024-01-14', 35),
(1500000.00, 'factura', '2024-04-16', 36),
(2400000.00, 'boleta', '2024-01-23', 37),
(2600000.00, 'factura', '2024-04-09', 38),
(2000000.00, 'boleta', '2024-03-05', 39),
(3100000.00, 'factura', '2024-01-30', 40),
(2100000.00, 'boleta', '2024-02-25', 41),
(2750000.00, 'factura', '2024-04-23', 42),
(1900000.00, 'boleta', '2024-02-12', 43),
(2250000.00, 'factura', '2024-01-28', 44),
(3200000.00, 'boleta', '2024-04-03', 45),
(1400000.00, 'factura', '2024-03-13', 46),
(1950000.00, 'boleta', '2024-01-17', 47),
(2550000.00, 'factura', '2024-04-29', 48),
(1750000.00, 'boleta', '2024-02-20', 49),
(2900000.00, 'factura', '2024-03-26', 50),
(1850000.00, 'boleta', '2024-04-04', 51),
(3000000.00, 'factura', '2024-01-13', 52),
(2200000.00, 'boleta', '2024-04-14', 53),
(2850000.00, 'factura', '2024-03-21', 54),
(2000000.00, 'boleta', '2024-01-24', 55),
(2350000.00, 'factura', '2024-02-26', 56),
(3100000.00, 'boleta', '2024-04-05', 57),
(1550000.00, 'factura', '2024-03-20', 58),
(2250000.00, 'boleta', '2024-04-08', 59),
(2950000.00, 'factura', '2024-01-05', 60),
(2100000.00, 'boleta', '2024-02-28', 61),
(2750000.00, 'factura', '2024-03-31', 62),
(1850000.00, 'boleta', '2024-04-11', 63),
(2650000.00, 'factura', '2024-01-22', 64),
(3150000.00, 'boleta', '2024-04-18', 65),
(1300000.00, 'factura', '2024-02-09', 66),
(2450000.00, 'boleta', '2024-01-16', 67),
(2900000.00, 'factura', '2024-02-24', 68),
(2050000.00, 'boleta', '2024-03-30', 69),
(2250000.00, 'factura', '2024-01-19', 70),
(2950000.00, 'boleta', '2024-02-27', 71),
(1650000.00, 'factura', '2024-03-10', 72),
(2550000.00, 'boleta', '2024-04-02', 73),
(2850000.00, 'factura', '2024-01-21', 74),
(1900000.00, 'boleta', '2024-04-28', 75),
(2350000.00, 'factura', '2024-02-19', 76),
(3100000.00, 'boleta', '2024-03-09', 77),
(1550000.00, 'factura', '2024-04-06', 78),
(2250000.00, 'boleta', '2024-01-08', 79),
(2950000.00, 'factura', '2024-03-18', 80),
(2100000.00, 'boleta', '2024-04-24', 81),
(2800000.00, 'factura', '2024-02-19', 82),
(1850000.00, 'boleta', '2024-03-02', 83),
(2250000.00, 'factura', '2024-04-05', 84),
(3100000.00, 'boleta', '2024-01-21', 85),
(2150000.00, 'factura', '2024-04-28', 86),
(2950000.00, 'boleta', '2024-02-19', 87),
(1650000.00, 'factura', '2024-03-26', 88),
(2550000.00, 'boleta', '2024-04-04', 89),
(2850000.00, 'factura', '2024-01-13', 90),
(1900000.00, 'boleta', '2024-04-14', 91),
(2350000.00, 'factura', '2024-03-21', 92),
(3100000.00, 'boleta', '2024-01-24', 93),
(1550000.00, 'factura', '2024-02-26', 94),
(2250000.00, 'boleta', '2024-04-05', 95),
(2950000.00, 'factura', '2024-03-20', 96),
(2100000.00, 'boleta', '2024-04-08', 97),
(2800000.00, 'factura', '2024-01-05', 98),
(1850000.00, 'boleta', '2024-02-28', 99),
(2250000.00, 'factura', '2024-03-31', 100);
